{
  "ai_infrastructure": {
    "cases": 4,
    "debate_trigger_rate": 0.5,
    "short_accuracy": 0.5,
    "long_accuracy": 0.75,
    "avg_confidence": 0.8375
  },
  "ai_semis": {
    "cases": 7,
    "debate_trigger_rate": 0.14285714285714285,
    "short_accuracy": 0.42857142857142855,
    "long_accuracy": 0.7142857142857143,
    "avg_confidence": 0.85
  },
  "mega_cap_platform": {
    "cases": 7,
    "debate_trigger_rate": 0.8571428571428571,
    "short_accuracy": 0.7142857142857143,
    "long_accuracy": 0.2857142857142857,
    "avg_confidence": 0.7928571428571428
  },
  "software_cloud": {
    "cases": 2,
    "debate_trigger_rate": 0.5,
    "short_accuracy": 0.0,
    "long_accuracy": 1.0,
    "avg_confidence": 0.7749999999999999
  }
}