{
  "overall": {
    "cases": 55,
    "cio_ready_cases": 55,
    "debate_trigger_rate": 0.509090909090909,
    "cio_short_direction_match_evaluable": 55,
    "cio_short_direction_match_matched": 23,
    "cio_short_direction_match_accuracy": 0.41818181818181815,
    "cio_long_direction_match_evaluable": 55,
    "cio_long_direction_match_matched": 30,
    "cio_long_direction_match_accuracy": 0.5454545454545454
  },
  "by_bucket": {
    "ai_infrastructure": {
      "cases": 9,
      "debate_trigger_rate": 0.5555555555555556,
      "short_accuracy": 0.5555555555555556,
      "long_accuracy": 0.5555555555555556,
      "avg_confidence": 0.7833333333333333
    },
    "ai_semis": {
      "cases": 13,
      "debate_trigger_rate": 0.3076923076923077,
      "short_accuracy": 0.5384615384615384,
      "long_accuracy": 0.6153846153846154,
      "avg_confidence": 0.8148461538461539
    },
    "data_center_operator": {
      "cases": 2,
      "debate_trigger_rate": 0.5,
      "short_accuracy": 0.0,
      "long_accuracy": 0.5,
      "avg_confidence": 0.575
    },
    "data_center_reit": {
      "cases": 4,
      "debate_trigger_rate": 0.5,
      "short_accuracy": 0.25,
      "long_accuracy": 0.75,
      "avg_confidence": 0.7625
    },
    "mega_cap_platform": {
      "cases": 7,
      "debate_trigger_rate": 0.7142857142857143,
      "short_accuracy": 0.7142857142857143,
      "long_accuracy": 0.2857142857142857,
      "avg_confidence": 0.7785714285714286
    },
    "power_infrastructure": {
      "cases": 5,
      "debate_trigger_rate": 0.4,
      "short_accuracy": 0.0,
      "long_accuracy": 0.6,
      "avg_confidence": 0.7448
    },
    "software_cloud": {
      "cases": 15,
      "debate_trigger_rate": 0.6,
      "short_accuracy": 0.3333333333333333,
      "long_accuracy": 0.5333333333333333,
      "avg_confidence": 0.7604666666666665
    }
  }
}